{"Loss": 368715.9375, "_timestamp": 1702753112.2170162, "_runtime": 31.912230253219604, "_step": 11, "_wandb": {"runtime": 22}}