{"Loss": 623685.25, "_timestamp": 1702751527.330118, "_runtime": 24.479156970977783, "_step": 12, "_wandb": {"runtime": 24}}