{"Loss": 0.02437785640358925, "_timestamp": 1702416576.4920752, "_runtime": 29512.083396196365, "_step": 33630, "Episode": 32, "Step": 900, "Total Reward (Step)": 600.0, "Total Reward (Episode)": 600.0, "Epsilon": 0.851801859600347}