{"Loss": 3076169.5, "_timestamp": 1702753132.7083392, "_runtime": 11.563192129135132, "_step": 5, "_wandb": {"runtime": 10}}